library,module,declaration,generated_term,occurrences,outcome,kernel_reason
Batteries,Batteries.Data.Char.AsciiCasing,Char.toLower_eq_of_not_isUpper,_private.Batteries.Data.Char.AsciiCasing.0.Char.toLower_eq_of_not_isUpper._proof_1_4,1,removed,
Batteries,Batteries.Data.String.Lemmas,String.Legacy.Iterator.hasNext_cons_addChar,_private.Batteries.Data.String.Lemmas.0.String.Legacy.Iterator.hasNext_cons_addChar._proof_1_3,2,removed,
Batteries,Batteries.Data.String.Lemmas,String.splitAux_of_valid,_private.Batteries.Data.String.Lemmas.0.String.splitAux_of_valid._proof_1_4,2,removed,
Init,Init.Data.Array.Extract,Array.extract_eq_self_iff,_private.Init.Data.Array.Extract.0.Array.extract_eq_self_iff._proof_1_1,2,removed,
Init,Init.Data.Array.Lemmas,Array.back?_eq_none_iff,_private.Init.Data.Array.Lemmas.0.Array.back?_eq_none_iff._proof_1_3,3,removed,
Init,Init.Data.BitVec.Bitblast,BitVec.carry_succ,_private.Init.Data.BitVec.Bitblast.0.BitVec.carry_succ._proof_1_4,2,removed,
Init,Init.Data.BitVec.Bitblast,BitVec.carry_succ,_private.Init.Data.BitVec.Bitblast.0.BitVec.carry_succ._proof_1_5,2,removed,
Init,Init.Data.BitVec.Bitblast,BitVec.intMin_udiv_ne_zero_of_ne_zero,_private.Init.Data.BitVec.Bitblast.0.BitVec.intMin_udiv_ne_zero_of_ne_zero._proof_1_4,4,removed,
Init,Init.Data.BitVec.Bitblast,BitVec.saddOverflow_eq,_private.Init.Data.BitVec.Bitblast.0.BitVec.saddOverflow_eq._proof_1_8,10,removed,
Init,Init.Data.BitVec.Bitblast,BitVec.sdivOverflow_eq,_private.Init.Data.BitVec.Bitblast.0.BitVec.sdivOverflow_eq._proof_1_1,2,removed,
Init,Init.Data.BitVec.Bitblast,BitVec.sdivOverflow_eq,_private.Init.Data.BitVec.Bitblast.0.BitVec.sdivOverflow_eq._proof_1_3,2,removed,
Init,Init.Data.BitVec.Bitblast,BitVec.sdivOverflow_eq,_private.Init.Data.BitVec.Bitblast.0.BitVec.sdivOverflow_eq._proof_1_5,2,removed,
Init,Init.Data.BitVec.Bitblast,BitVec.ssubOverflow_eq,_private.Init.Data.BitVec.Bitblast.0.BitVec.ssubOverflow_eq._proof_1_4,14,removed,
Init,Init.Data.BitVec.Bitblast,BitVec.ult_eq_not_carry,_private.Init.Data.BitVec.Bitblast.0.BitVec.ult_eq_not_carry._proof_1_7,2,removed,
Init,Init.Data.BitVec.Bitblast,BitVec.umulOverflow_eq,_private.Init.Data.BitVec.Bitblast.0.BitVec.umulOverflow_eq._proof_1_5,2,removed,
Init,Init.Data.BitVec.Lemmas,BitVec.clzAuxRec_eq_iff_of_getLsbD_false,_private.Init.Data.BitVec.Lemmas.0.BitVec.clzAuxRec_eq_iff_of_getLsbD_false._proof_1_4,1,removed,
Init,Init.Data.BitVec.Lemmas,BitVec.clzAuxRec_eq_iff_of_getLsbD_false,_private.Init.Data.BitVec.Lemmas.0.BitVec.clzAuxRec_eq_iff_of_getLsbD_false._proof_1_5,1,removed,
Init,Init.Data.BitVec.Lemmas,BitVec.clzAuxRec_eq_zero_iff,_private.Init.Data.BitVec.Lemmas.0.BitVec.clzAuxRec_eq_zero_iff._proof_1_3,1,removed,
Init,Init.Data.BitVec.Lemmas,BitVec.clzAuxRec_eq_zero_iff,_private.Init.Data.BitVec.Lemmas.0.BitVec.clzAuxRec_eq_zero_iff._proof_1_5,1,removed,
Init,Init.Data.BitVec.Lemmas,BitVec.getLsbD_false_of_clzAuxRec,_private.Init.Data.BitVec.Lemmas.0.BitVec.getLsbD_false_of_clzAuxRec._proof_1_3,1,removed,
Init,Init.Data.BitVec.Lemmas,BitVec.getLsbD_false_of_clzAuxRec,_private.Init.Data.BitVec.Lemmas.0.BitVec.getLsbD_false_of_clzAuxRec._proof_1_6,1,removed,
Init,Init.Data.BitVec.Lemmas,BitVec.getLsbD_intMax,_private.Init.Data.BitVec.Lemmas.0.BitVec.getLsbD_intMax._proof_1_1,2,removed,
Init,Init.Data.BitVec.Lemmas,BitVec.getLsbD_intMin,_private.Init.Data.BitVec.Lemmas.0.BitVec.getLsbD_intMin._proof_1_2,4,removed,
Init,Init.Data.BitVec.Lemmas,BitVec.getLsbD_shiftConcat_eq_decide,_private.Init.Data.BitVec.Lemmas.0.BitVec.getLsbD_shiftConcat_eq_decide._proof_1_1,2,removed,
Init,Init.Data.BitVec.Lemmas,BitVec.getLsbD_shiftConcat_eq_decide,_private.Init.Data.BitVec.Lemmas.0.BitVec.getLsbD_shiftConcat_eq_decide._proof_1_2,3,removed,
Init,Init.Data.BitVec.Lemmas,BitVec.getLsbD_true_of_eq_clzAuxRec_of_ne_zero,_private.Init.Data.BitVec.Lemmas.0.BitVec.getLsbD_true_of_eq_clzAuxRec_of_ne_zero._proof_1_2,1,removed,
Init,Init.Data.BitVec.Lemmas,BitVec.getLsbD_true_of_eq_clzAuxRec_of_ne_zero,_private.Init.Data.BitVec.Lemmas.0.BitVec.getLsbD_true_of_eq_clzAuxRec_of_ne_zero._proof_1_7,1,removed,
Init,Init.Data.BitVec.Lemmas,BitVec.getMsbD_extractLsb,_private.Init.Data.BitVec.Lemmas.0.BitVec.getMsbD_extractLsb._proof_1_2,2,removed,
Init,Init.Data.BitVec.Lemmas,BitVec.getMsbD_extractLsb,_private.Init.Data.BitVec.Lemmas.0.BitVec.getMsbD_extractLsb._proof_1_4,4,removed,
Init,Init.Data.BitVec.Lemmas,BitVec.getMsbD_extractLsb',_private.Init.Data.BitVec.Lemmas.0.BitVec.getMsbD_extractLsb'._proof_1_2,2,removed,
Init,Init.Data.BitVec.Lemmas,BitVec.getMsbD_extractLsb',_private.Init.Data.BitVec.Lemmas.0.BitVec.getMsbD_extractLsb'._proof_1_4,4,removed,
Init,Init.Data.BitVec.Lemmas,BitVec.getMsbD_twoPow,_private.Init.Data.BitVec.Lemmas.0.BitVec.getMsbD_twoPow._proof_1_1,2,removed,
Init,Init.Data.BitVec.Lemmas,BitVec.le_add_iff_sub_le,_private.Init.Data.BitVec.Lemmas.0.BitVec.le_add_iff_sub_le._proof_1_1,2,removed,
Init,Init.Data.BitVec.Lemmas,BitVec.le_toInt_shiftRight,_private.Init.Data.BitVec.Lemmas.0.BitVec.le_toInt_shiftRight._proof_1_1,2,removed,
Init,Init.Data.BitVec.Lemmas,BitVec.msb_one,_private.Init.Data.BitVec.Lemmas.0.BitVec.msb_one._proof_1_2,4,removed,
Init,Init.Data.BitVec.Lemmas,BitVec.msb_setWidth,_private.Init.Data.BitVec.Lemmas.0.BitVec.msb_setWidth._proof_1_1,2,removed,
Init,Init.Data.BitVec.Lemmas,BitVec.sdivOverflow_eq_negOverflow_of_eq_allOnes,_private.Init.Data.BitVec.Lemmas.0.BitVec.sdivOverflow_eq_negOverflow_of_eq_allOnes._proof_1_4,2,removed,
Init,Init.Data.BitVec.Lemmas,BitVec.setWidth_setWidth,_private.Init.Data.BitVec.Lemmas.0.BitVec.setWidth_setWidth._proof_1_1,1,removed,
Init,Init.Data.BitVec.Lemmas,BitVec.sle_eq_not_slt,_private.Init.Data.BitVec.Lemmas.0.BitVec.sle_eq_not_slt._proof_1_5,3,removed,
Init,Init.Data.BitVec.Lemmas,BitVec.sle_eq_slt_or_eq,_private.Init.Data.BitVec.Lemmas.0.BitVec.sle_eq_slt_or_eq._proof_1_5,2,removed,
Init,Init.Data.BitVec.Lemmas,BitVec.sub_le_sub_iff_le,_private.Init.Data.BitVec.Lemmas.0.BitVec.sub_le_sub_iff_le._proof_1_1,2,removed,
Init,Init.Data.BitVec.Lemmas,BitVec.toInt_mul_toInt_lt_neg_two_pow_iff,_private.Init.Data.BitVec.Lemmas.0.BitVec.toInt_mul_toInt_lt_neg_two_pow_iff._proof_1_7,1,removed,
Init,Init.Data.BitVec.Lemmas,BitVec.toInt_mul_toInt_lt_neg_two_pow_iff,_private.Init.Data.BitVec.Lemmas.0.BitVec.toInt_mul_toInt_lt_neg_two_pow_iff._proof_1_8,1,removed,
Init,Init.Data.BitVec.Lemmas,BitVec.toInt_neg_iff,_private.Init.Data.BitVec.Lemmas.0.BitVec.toInt_neg_iff._proof_1_1,2,removed,
Init,Init.Data.BitVec.Lemmas,BitVec.toInt_pos_iff,_private.Init.Data.BitVec.Lemmas.0.BitVec.toInt_pos_iff._proof_1_1,2,removed,
Init,Init.Data.BitVec.Lemmas,BitVec.toInt_shiftRight_lt,_private.Init.Data.BitVec.Lemmas.0.BitVec.toInt_shiftRight_lt._proof_1_1,2,removed,
Init,Init.Data.BitVec.Lemmas,BitVec.toInt_sub_toInt_lt_twoPow_iff,_private.Init.Data.BitVec.Lemmas.0.BitVec.toInt_sub_toInt_lt_twoPow_iff._proof_1_1,4,removed,
Init,Init.Data.BitVec.Lemmas,BitVec.toInt_sub_toInt_lt_twoPow_iff,_private.Init.Data.BitVec.Lemmas.0.BitVec.toInt_sub_toInt_lt_twoPow_iff._proof_1_4,5,removed,
Init,Init.Data.BitVec.Lemmas,BitVec.toNat_signExtend_of_le,_private.Init.Data.BitVec.Lemmas.0.BitVec.toNat_signExtend_of_le._proof_1_3,2,removed,
Init,Init.Data.BitVec.Lemmas,BitVec.twoPow_le_toInt_sub_toInt_iff,_private.Init.Data.BitVec.Lemmas.0.BitVec.twoPow_le_toInt_sub_toInt_iff._proof_1_6,3,removed,
Init,Init.Data.BitVec.Lemmas,BitVec.two_pow_le_toInt_mul_toInt_iff,_private.Init.Data.BitVec.Lemmas.0.BitVec.two_pow_le_toInt_mul_toInt_iff._proof_1_6,1,removed,
Init,Init.Data.BitVec.Lemmas,BitVec.two_pow_le_toInt_mul_toInt_iff,_private.Init.Data.BitVec.Lemmas.0.BitVec.two_pow_le_toInt_mul_toInt_iff._proof_1_7,1,removed,
Init,Init.Data.BitVec.Lemmas,BitVec.two_pow_le_toInt_mul_toInt_iff,_private.Init.Data.BitVec.Lemmas.0.BitVec.two_pow_le_toInt_mul_toInt_iff._proof_1_8,2,removed,
Init,Init.Data.BitVec.Lemmas,BitVec.uaddOverflow_assoc,_private.Init.Data.BitVec.Lemmas.0.BitVec.uaddOverflow_assoc._proof_1_5,2,removed,
Init,Init.Data.BitVec.Lemmas,BitVec.ult_eq_msb_of_msb_neq,_private.Init.Data.BitVec.Lemmas.0.BitVec.ult_eq_msb_of_msb_neq._proof_1_3,3,removed,
Init,Init.Data.ByteArray.Lemmas,ByteArray.extract_eq_empty_iff,_private.Init.Data.ByteArray.Lemmas.0.ByteArray.extract_eq_empty_iff._proof_1_1,2,removed,
Init,Init.Data.Fin.Lemmas,Fin.coe_sub_iff_le,_private.Init.Data.Fin.Lemmas.0.Fin.coe_sub_iff_le._proof_1_1,2,removed,
Init,Init.Data.Fin.Lemmas,Fin.coe_sub_iff_le,_private.Init.Data.Fin.Lemmas.0.Fin.coe_sub_iff_le._proof_1_3,2,removed,
Init,Init.Data.Fin.Lemmas,Fin.coe_sub_iff_lt,_private.Init.Data.Fin.Lemmas.0.Fin.coe_sub_iff_lt._proof_1_1,2,removed,
Init,Init.Data.Fin.Lemmas,Fin.coe_sub_iff_lt,_private.Init.Data.Fin.Lemmas.0.Fin.coe_sub_iff_lt._proof_1_3,2,removed,
Init,Init.Data.Fin.Lemmas,Nat.mod_eq_sub_of_lt_two_mul,_private.Init.Data.Fin.Lemmas.0.Nat.mod_eq_sub_of_lt_two_mul._proof_1_1,2,removed,
Init,Init.Data.Int.Cooper,Int.cooper_resolution_dvd_right,_private.Init.Data.Int.Cooper.0.Int.cooper_resolution_dvd_right._proof_1_1,2,removed,
Init,Init.Data.Int.DivMod.Lemmas,Int.add_one_tdiv,_private.Init.Data.Int.DivMod.Lemmas.0.Int.add_one_tdiv._proof_1_1,8,removed,
Init,Init.Data.Int.DivMod.Lemmas,Int.add_one_tdiv_of_pos,_private.Init.Data.Int.DivMod.Lemmas.0.Int.add_one_tdiv_of_pos._proof_1_10,2,removed,
Init,Init.Data.Int.DivMod.Lemmas,Int.bmod_neg_iff,_private.Init.Data.Int.DivMod.Lemmas.0.Int.bmod_neg_iff._proof_1_1,2,removed,
Init,Init.Data.Int.DivMod.Lemmas,Int.bmod_neg_iff,_private.Init.Data.Int.DivMod.Lemmas.0.Int.bmod_neg_iff._proof_1_4,4,removed,
Init,Init.Data.Int.DivMod.Lemmas,Int.ediv_le_iff_le_mul,_private.Init.Data.Int.DivMod.Lemmas.0.Int.ediv_le_iff_le_mul._proof_1_1,2,removed,
Init,Init.Data.Int.DivMod.Lemmas,Int.fdiv_fmod_unique',_private.Init.Data.Int.DivMod.Lemmas.0.Int.fdiv_fmod_unique'._proof_1_2,8,removed,
Init,Init.Data.Int.DivMod.Lemmas,Int.le_mul_iff_le_left,_private.Init.Data.Int.DivMod.Lemmas.0.Int.le_mul_iff_le_left._proof_1_1,2,removed,
Init,Init.Data.Int.DivMod.Lemmas,Int.mul_fdiv_self_le,_private.Init.Data.Int.DivMod.Lemmas.0.Int.mul_fdiv_self_le._proof_1_1,2,removed,
Init,Init.Data.Int.DivMod.Lemmas,Int.natAbs_ediv,_private.Init.Data.Int.DivMod.Lemmas.0.Int.natAbs_ediv._proof_1_4,1,removed,
Init,Init.Data.Int.DivMod.Lemmas,Int.natCast_eq_zero,_private.Init.Data.Int.DivMod.Lemmas.0.Int.natCast_eq_zero._proof_1_1,2,removed,
Init,Init.Data.Int.DivMod.Lemmas,Int.tdiv_tmod_unique,_private.Init.Data.Int.DivMod.Lemmas.0.Int.tdiv_tmod_unique._proof_1_1,8,removed,
Init,Init.Data.Int.DivMod.Lemmas,Int.tdiv_tmod_unique,_private.Init.Data.Int.DivMod.Lemmas.0.Int.tdiv_tmod_unique._proof_1_3,2,removed,
Init,Init.Data.Int.DivMod.Lemmas,Int.tdiv_tmod_unique',_private.Init.Data.Int.DivMod.Lemmas.0.Int.tdiv_tmod_unique'._proof_1_2,9,removed,
Init,Init.Data.Int.Gcd,Int.eq_zero_of_lcm_eq_zero,_private.Init.Data.Int.Gcd.0.Int.eq_zero_of_lcm_eq_zero._proof_1_1,4,removed,
Init,Init.Data.Int.LemmasAux,Int.eq_natCast_toNat,_private.Init.Data.Int.LemmasAux.0.Int.eq_natCast_toNat._proof_1_1,2,removed,
Init,Init.Data.Int.LemmasAux,Int.lt_toNat,_private.Init.Data.Int.LemmasAux.0.Int.lt_toNat._proof_1_1,2,removed,
Init,Init.Data.Int.LemmasAux,Int.mul_le_mul_of_natAbs_le,_private.Init.Data.Int.LemmasAux.0.Int.mul_le_mul_of_natAbs_le._proof_1_15,3,removed,
Init,Init.Data.Int.LemmasAux,Int.natCast_le_zero,_private.Init.Data.Int.LemmasAux.0.Int.natCast_le_zero._proof_1_1,2,removed,
Init,Init.Data.Int.LemmasAux,Int.natCast_ne_zero,_private.Init.Data.Int.LemmasAux.0.Int.natCast_ne_zero._proof_1_1,4,removed,
Init,Init.Data.Int.LemmasAux,Int.natCast_ne_zero_iff_pos,_private.Init.Data.Int.LemmasAux.0.Int.natCast_ne_zero_iff_pos._proof_1_1,3,removed,
Init,Init.Data.Int.LemmasAux,Int.natCast_nonpos_iff,_private.Init.Data.Int.LemmasAux.0.Int.natCast_nonpos_iff._proof_1_1,2,removed,
Init,Init.Data.Int.LemmasAux,Int.natCast_toNat_eq_self,_private.Init.Data.Int.LemmasAux.0.Int.natCast_toNat_eq_self._proof_1_1,2,removed,
Init,Init.Data.Int.LemmasAux,Int.neg_lt_self_iff,_private.Init.Data.Int.LemmasAux.0.Int.neg_lt_self_iff._proof_1_1,2,removed,
Init,Init.Data.Int.LemmasAux,Int.neg_nonpos_iff,_private.Init.Data.Int.LemmasAux.0.Int.neg_nonpos_iff._proof_1_1,2,removed,
Init,Init.Data.Int.LemmasAux,Int.pos_iff_toNat_pos,_private.Init.Data.Int.LemmasAux.0.Int.pos_iff_toNat_pos._proof_1_1,2,removed,
Init,Init.Data.Int.LemmasAux,Int.toNat_eq_zero,_private.Init.Data.Int.LemmasAux.0.Int.toNat_eq_zero._proof_1_1,2,removed,
Init,Init.Data.Int.LemmasAux,Int.toNat_le,_private.Init.Data.Int.LemmasAux.0.Int.toNat_le._proof_1_1,2,removed,
Init,Init.Data.Int.LemmasAux,Int.toNat_lt',_private.Init.Data.Int.LemmasAux.0.Int.toNat_lt'._proof_1_1,2,removed,
Init,Init.Data.Int.LemmasAux,Int.toNat_lt_toNat,_private.Init.Data.Int.LemmasAux.0.Int.toNat_lt_toNat._proof_1_1,2,removed,
Init,Init.Data.Int.Pow,Int.pow_lt_pow_of_lt,_private.Init.Data.Int.Pow.0.Int.pow_lt_pow_of_lt._proof_1_3,2,removed,
Init,Init.Data.List.Nat.Range,List.count_range_1',_private.Init.Data.List.Nat.Range.0.List.count_range_1'._proof_1_3,1,removed,
Init,Init.Data.List.Nat.Range,List.erase_range',_private.Init.Data.List.Nat.Range.0.List.erase_range'._proof_1_6,1,removed,
Init,Init.Data.List.Nat.Range,List.erase_range',_private.Init.Data.List.Nat.Range.0.List.erase_range'._proof_1_7,1,removed,
Init,Init.Data.List.Nat.Range,List.erase_range',_private.Init.Data.List.Nat.Range.0.List.erase_range'._proof_1_9,2,removed,
Init,Init.Data.List.Nat.Range,List.find?_range'_eq_some,_private.Init.Data.List.Nat.Range.0.List.find?_range'_eq_some._proof_1_6,2,removed,
Init,Init.Data.List.Nat.Range,List.find?_range'_eq_some,_private.Init.Data.List.Nat.Range.0.List.find?_range'_eq_some._proof_1_7,4,removed,
Init,Init.Data.List.Nat.Range,List.range'_eq_singleton_iff,_private.Init.Data.List.Nat.Range.0.List.range'_eq_singleton_iff._proof_1_4,4,removed,
Init,Init.Data.List.Nat.Range,List.sum_range',_private.Init.Data.List.Nat.Range.0.List.sum_range'._proof_1_4,4,removed,
Init,Init.Data.List.Nat.Range,List.sum_range',_private.Init.Data.List.Nat.Range.0.List.sum_range'._proof_1_5,4,removed,
Init,Init.Data.List.Nat.Sum,List.sum_pos_iff_exists_pos_nat,_private.Init.Data.List.Nat.Sum.0.List.sum_pos_iff_exists_pos_nat._proof_1_1,2,removed,
Init,Init.Data.Nat.Bitwise.Lemmas,Nat.testBit_log2,_private.Init.Data.Nat.Bitwise.Lemmas.0.Nat.testBit_log2._proof_1_1,3,removed,
Init,Init.Data.Nat.Bitwise.Lemmas,Nat.testBit_log2,_private.Init.Data.Nat.Bitwise.Lemmas.0.Nat.testBit_log2._proof_1_2,3,removed,
Init,Init.Data.Nat.Bitwise.Lemmas,Nat.testBit_two_pow_sub_succ,_private.Init.Data.Nat.Bitwise.Lemmas.0.Nat.testBit_two_pow_sub_succ._proof_1_3,2,removed,
Init,Init.Data.Nat.Div.Lemmas,Nat.div_le_iff_le_mul,_private.Init.Data.Nat.Div.Lemmas.0.Nat.div_le_iff_le_mul._proof_1_1,2,removed,
Init,Init.Data.Nat.Div.Lemmas,Nat.le_mul_iff_le_left,_private.Init.Data.Nat.Div.Lemmas.0.Nat.le_mul_iff_le_left._proof_1_1,2,removed,
Init,Init.Data.Nat.Lemmas,Nat.add_eq_left,_private.Init.Data.Nat.Lemmas.0.Nat.add_eq_left._proof_1_1,2,removed,
Init,Init.Data.Nat.Lemmas,Nat.add_eq_max_iff,_private.Init.Data.Nat.Lemmas.0.Nat.add_eq_max_iff._proof_1_1,2,removed,
Init,Init.Data.Nat.Lemmas,Nat.add_eq_min_iff,_private.Init.Data.Nat.Lemmas.0.Nat.add_eq_min_iff._proof_1_1,4,removed,
Init,Init.Data.Nat.Lemmas,Nat.add_eq_one_iff,_private.Init.Data.Nat.Lemmas.0.Nat.add_eq_one_iff._proof_1_1,6,removed,
Init,Init.Data.Nat.Lemmas,Nat.add_eq_right,_private.Init.Data.Nat.Lemmas.0.Nat.add_eq_right._proof_1_1,2,removed,
Init,Init.Data.Nat.Lemmas,Nat.add_eq_three_iff,_private.Init.Data.Nat.Lemmas.0.Nat.add_eq_three_iff._proof_1_1,10,removed,
Init,Init.Data.Nat.Lemmas,Nat.add_eq_two_iff,_private.Init.Data.Nat.Lemmas.0.Nat.add_eq_two_iff._proof_1_1,8,removed,
Init,Init.Data.Nat.Lemmas,Nat.add_eq_zero,_private.Init.Data.Nat.Lemmas.0.Nat.add_eq_zero._proof_1_1,4,removed,
Init,Init.Data.Nat.Lemmas,Nat.add_lt_iff_lt_sub_right,_private.Init.Data.Nat.Lemmas.0.Nat.add_lt_iff_lt_sub_right._proof_1_1,2,removed,
Init,Init.Data.Nat.Lemmas,Nat.add_pos_iff_pos_or_pos,_private.Init.Data.Nat.Lemmas.0.Nat.add_pos_iff_pos_or_pos._proof_1_1,2,removed,
Init,Init.Data.Nat.Lemmas,Nat.le_add_one_iff,_private.Init.Data.Nat.Lemmas.0.Nat.le_add_one_iff._proof_1_1,2,removed,
Init,Init.Data.Nat.Lemmas,Nat.le_and_le_add_one_iff,_private.Init.Data.Nat.Lemmas.0.Nat.le_and_le_add_one_iff._proof_1_1,4,removed,
Init,Init.Data.Nat.Lemmas,Nat.le_iff_lt_add_one,_private.Init.Data.Nat.Lemmas.0.Nat.le_iff_lt_add_one._proof_1_1,2,removed,
Init,Init.Data.Nat.Lemmas,Nat.left_eq_add,_private.Init.Data.Nat.Lemmas.0.Nat.left_eq_add._proof_1_1,2,removed,
Init,Init.Data.Nat.Lemmas,Nat.lt_sub_iff_add_lt',_private.Init.Data.Nat.Lemmas.0.Nat.lt_sub_iff_add_lt'._proof_1_1,2,removed,
Init,Init.Data.Nat.Lemmas,Nat.max_eq_zero_iff,_private.Init.Data.Nat.Lemmas.0.Nat.max_eq_zero_iff._proof_1_1,4,removed,
Init,Init.Data.Nat.Lemmas,Nat.min_eq_zero_iff,_private.Init.Data.Nat.Lemmas.0.Nat.min_eq_zero_iff._proof_1_1,2,removed,
Init,Init.Data.Nat.Lemmas,Nat.one_lt_iff_ne_zero_and_ne_one,_private.Init.Data.Nat.Lemmas.0.Nat.one_lt_iff_ne_zero_and_ne_one._proof_1_3,6,removed,
Init,Init.Data.Nat.Lemmas,Nat.pow_eq_zero,_private.Init.Data.Nat.Lemmas.0.Nat.pow_eq_zero._proof_1_3,5,removed,
Init,Init.Data.Nat.Lemmas,Nat.pow_lt_pow_iff_pow_mul_le_pow,_private.Init.Data.Nat.Lemmas.0.Nat.pow_lt_pow_iff_pow_mul_le_pow._proof_1_1,2,removed,
Init,Init.Data.Nat.Lemmas,Nat.right_eq_add,_private.Init.Data.Nat.Lemmas.0.Nat.right_eq_add._proof_1_1,2,removed,
Init,Init.Data.Nat.Lemmas,Nat.sub_lt_iff_lt_add,_private.Init.Data.Nat.Lemmas.0.Nat.sub_lt_iff_lt_add._proof_1_1,2,removed,
Init,Init.Data.Nat.Lemmas,Nat.sub_lt_iff_lt_add',_private.Init.Data.Nat.Lemmas.0.Nat.sub_lt_iff_lt_add'._proof_1_1,2,removed,
Init,Init.Data.Nat.Lemmas,Nat.sub_lt_sub_iff_right,_private.Init.Data.Nat.Lemmas.0.Nat.sub_lt_sub_iff_right._proof_1_1,2,removed,
Init,Init.Data.Nat.Mod,Nat.mul_lt_mul_left,_private.Init.Data.Nat.Mod.0.Nat.mul_lt_mul_left._proof_1_1,2,removed,
Init,Init.Data.Nat.Power2.Lemmas,Nat.and_sub_one_testBit_log2,_private.Init.Data.Nat.Power2.Lemmas.0.Nat.and_sub_one_testBit_log2._proof_1_2,5,removed,
Init,Init.Data.Nat.Power2.Lemmas,Nat.and_sub_one_testBit_log2,_private.Init.Data.Nat.Power2.Lemmas.0.Nat.and_sub_one_testBit_log2._proof_1_3,3,removed,
Init,Init.Data.Nat.ToString,Nat.toDigits_of_base_le,_private.Init.Data.Nat.ToString.0.Nat.toDigits_of_base_le._proof_1_1,2,removed,
Init,Init.Data.Range.Lemmas,Std.Legacy.Range.forIn'_loop_eq_forIn'_range',_private.Init.Data.Range.Lemmas.0.Std.Legacy.Range.forIn'_loop_eq_forIn'_range'._proof_1_6,2,removed,
Init,Init.Data.Range.Lemmas,Std.Legacy.Range.forM_loop_eq_forM_range',_private.Init.Data.Range.Lemmas.0.Std.Legacy.Range.forM_loop_eq_forM_range'._proof_1_3,2,removed,
Init,Init.Data.Range.Lemmas,Std.Legacy.Range.size_eq,_private.Init.Data.Range.Lemmas.0.Std.Legacy.Range.size_eq._proof_1_2,2,removed,
Init,Init.Data.Range.Lemmas,Std.Legacy.Range.size_eq,_private.Init.Data.Range.Lemmas.0.Std.Legacy.Range.size_eq._proof_1_3,2,removed,
Init,Init.Data.Range.Lemmas,Std.Legacy.Range.size_eq,_private.Init.Data.Range.Lemmas.0.Std.Legacy.Range.size_eq._proof_1_4,2,removed,
Init,Init.Data.Range.Polymorphic.IntLemmas,Int.getElem!_toArray_roo_ne_zero_iff,_private.Init.Data.Range.Polymorphic.IntLemmas.0.Int.getElem!_toArray_roo_ne_zero_iff._proof_1_1,7,removed,
Init,Init.Data.Range.Polymorphic.IntLemmas,Int.getElem!_toList_roc_ne_zero_iff,_private.Init.Data.Range.Polymorphic.IntLemmas.0.Int.getElem!_toList_roc_ne_zero_iff._proof_1_2,7,removed,
Init,Init.Data.Range.Polymorphic.IntLemmas,Int.getElem?_toList_rco,_private.Init.Data.Range.Polymorphic.IntLemmas.0.Int.getElem?_toList_rco._proof_1_1,2,removed,
Init,Init.Data.Range.Polymorphic.IntLemmas,Int.toArray_rcc_eq_singleton_append_iff,_private.Init.Data.Range.Polymorphic.IntLemmas.0.Int.toArray_rcc_eq_singleton_append_iff._proof_1_1,2,removed,
Init,Init.Data.Range.Polymorphic.IntLemmas,Int.toArray_rco_eq_singleton_iff,_private.Init.Data.Range.Polymorphic.IntLemmas.0.Int.toArray_rco_eq_singleton_iff._proof_1_1,5,removed,
Init,Init.Data.Range.Polymorphic.IntLemmas,Int.toArray_roo_eq_singleton_iff,_private.Init.Data.Range.Polymorphic.IntLemmas.0.Int.toArray_roo_eq_singleton_iff._proof_1_1,2,removed,
Init,Init.Data.Range.Polymorphic.IntLemmas,Int.toList_rcc_eq_cons_iff,_private.Init.Data.Range.Polymorphic.IntLemmas.0.Int.toList_rcc_eq_cons_iff._proof_1_1,2,removed,
Init,Init.Data.Range.Polymorphic.IntLemmas,Int.toList_rcc_eq_nil_iff,_private.Init.Data.Range.Polymorphic.IntLemmas.0.Int.toList_rcc_eq_nil_iff._proof_1_1,2,removed,
Init,Init.Data.Range.Polymorphic.IntLemmas,Int.toList_rcc_eq_singleton_iff,_private.Init.Data.Range.Polymorphic.IntLemmas.0.Int.toList_rcc_eq_singleton_iff._proof_1_1,7,removed,
Init,Init.Data.Range.Polymorphic.IntLemmas,Int.toList_rcc_ne_nil_iff,_private.Init.Data.Range.Polymorphic.IntLemmas.0.Int.toList_rcc_ne_nil_iff._proof_1_1,2,removed,
Init,Init.Data.Range.Polymorphic.IntLemmas,Int.toList_rco_eq_singleton_iff,_private.Init.Data.Range.Polymorphic.IntLemmas.0.Int.toList_rco_eq_singleton_iff._proof_1_1,5,removed,
Init,Init.Data.Range.Polymorphic.IntLemmas,Int.toList_roc_eq_singleton_iff,_private.Init.Data.Range.Polymorphic.IntLemmas.0.Int.toList_roc_eq_singleton_iff._proof_1_1,7,removed,
Init,Init.Data.Range.Polymorphic.IntLemmas,Int.toList_roo_eq_singleton_iff,_private.Init.Data.Range.Polymorphic.IntLemmas.0.Int.toList_roo_eq_singleton_iff._proof_1_1,7,removed,
Init,Init.Data.Range.Polymorphic.IntLemmas,Int.zero_lt_getElem!_toArray_roc_iff,_private.Init.Data.Range.Polymorphic.IntLemmas.0.Int.zero_lt_getElem!_toArray_roc_iff._proof_1_2,8,removed,
Init,Init.Data.Range.Polymorphic.IntLemmas,Int.zero_ne_getElem!_toList_roo_iff,_private.Init.Data.Range.Polymorphic.IntLemmas.0.Int.zero_ne_getElem!_toList_roo_iff._proof_1_1,7,removed,
Init,Init.Data.Range.Polymorphic.Internal.SignedBitVec,BitVec.Signed.sle_iff_rotate_le_rotate,_private.Init.Data.Range.Polymorphic.Internal.SignedBitVec.0.BitVec.Signed.sle_iff_rotate_le_rotate._proof_1_11,2,removed,
Init,Init.Data.Range.Polymorphic.Internal.SignedBitVec,BitVec.Signed.sle_iff_rotate_le_rotate,_private.Init.Data.Range.Polymorphic.Internal.SignedBitVec.0.BitVec.Signed.sle_iff_rotate_le_rotate._proof_1_28,2,removed,
Init,Init.Data.Range.Polymorphic.Nat,Std.instLawfulRcoIntersectionNat,_private.Init.Data.Range.Polymorphic.Nat.0.Std.instLawfulRcoIntersectionNat._proof_3,11,removed,
Init,Init.Data.Range.Polymorphic.Nat,Std.instLawfulRcoIntersectionNat_1,_private.Init.Data.Range.Polymorphic.Nat.0.Std.instLawfulRcoIntersectionNat_1._proof_1,12,removed,
Init,Init.Data.Range.Polymorphic.Nat,Std.instLawfulRcoIntersectionNat_2,_private.Init.Data.Range.Polymorphic.Nat.0.Std.instLawfulRcoIntersectionNat_2._proof_1,8,removed,
Init,Init.Data.Range.Polymorphic.Nat,Std.instLawfulRcoIntersectionNat_3,_private.Init.Data.Range.Polymorphic.Nat.0.Std.instLawfulRcoIntersectionNat_3._proof_1,10,removed,
Init,Init.Data.Range.Polymorphic.Nat,Std.instLawfulRcoIntersectionNat_4,_private.Init.Data.Range.Polymorphic.Nat.0.Std.instLawfulRcoIntersectionNat_4._proof_1,11,removed,
Init,Init.Data.Range.Polymorphic.Nat,Std.instLawfulRcoIntersectionNat_5,_private.Init.Data.Range.Polymorphic.Nat.0.Std.instLawfulRcoIntersectionNat_5._proof_1,7,removed,
Init,Init.Data.Range.Polymorphic.Nat,Std.instLawfulRcoIntersectionNat_6,_private.Init.Data.Range.Polymorphic.Nat.0.Std.instLawfulRcoIntersectionNat_6._proof_1,7,removed,
Init,Init.Data.Range.Polymorphic.Nat,Std.instLawfulRcoIntersectionNat_7,_private.Init.Data.Range.Polymorphic.Nat.0.Std.instLawfulRcoIntersectionNat_7._proof_1,7,removed,
Init,Init.Data.Range.Polymorphic.NatLemmas,Nat.getElem!_toArray_roc_eq_zero_iff,_private.Init.Data.Range.Polymorphic.NatLemmas.0.Nat.getElem!_toArray_roc_eq_zero_iff._proof_1_2,2,removed,
Init,Init.Data.Range.Polymorphic.NatLemmas,Nat.getElem!_toArray_roo_eq_zero_iff,_private.Init.Data.Range.Polymorphic.NatLemmas.0.Nat.getElem!_toArray_roo_eq_zero_iff._proof_1_1,2,removed,
Init,Init.Data.Range.Polymorphic.NatLemmas,Nat.getElem!_toList_rco_eq_zero_iff,_private.Init.Data.Range.Polymorphic.NatLemmas.0.Nat.getElem!_toList_rco_eq_zero_iff._proof_1_1,2,removed,
Init,Init.Data.Range.Polymorphic.NatLemmas,Nat.getElem!_toList_rco_eq_zero_iff,_private.Init.Data.Range.Polymorphic.NatLemmas.0.Nat.getElem!_toList_rco_eq_zero_iff._proof_1_2,2,removed,
Init,Init.Data.Range.Polymorphic.NatLemmas,Nat.getElem!_toList_roc_eq_zero_iff,_private.Init.Data.Range.Polymorphic.NatLemmas.0.Nat.getElem!_toList_roc_eq_zero_iff._proof_1_2,2,removed,
Init,Init.Data.Range.Polymorphic.NatLemmas,Nat.getElem!_toList_roo_eq_zero_iff,_private.Init.Data.Range.Polymorphic.NatLemmas.0.Nat.getElem!_toList_roo_eq_zero_iff._proof_1_1,2,removed,
Init,Init.Data.Range.Polymorphic.NatLemmas,Nat.toArray_rcc_eq_singleton_append_iff,_private.Init.Data.Range.Polymorphic.NatLemmas.0.Nat.toArray_rcc_eq_singleton_append_iff._proof_1_1,2,removed,
Init,Init.Data.Range.Polymorphic.NatLemmas,Nat.toArray_rco_eq_singleton_iff,_private.Init.Data.Range.Polymorphic.NatLemmas.0.Nat.toArray_rco_eq_singleton_iff._proof_1_1,5,removed,
Init,Init.Data.Range.Polymorphic.NatLemmas,Nat.toList_rcc_eq_cons_iff,_private.Init.Data.Range.Polymorphic.NatLemmas.0.Nat.toList_rcc_eq_cons_iff._proof_1_1,2,removed,
Init,Init.Data.Range.Polymorphic.NatLemmas,Nat.toList_rcc_eq_nil_iff,_private.Init.Data.Range.Polymorphic.NatLemmas.0.Nat.toList_rcc_eq_nil_iff._proof_1_1,2,removed,
Init,Init.Data.Range.Polymorphic.NatLemmas,Nat.toList_rcc_eq_singleton_iff,_private.Init.Data.Range.Polymorphic.NatLemmas.0.Nat.toList_rcc_eq_singleton_iff._proof_1_1,7,removed,
Init,Init.Data.Range.Polymorphic.NatLemmas,Nat.toList_rcc_ne_nil_iff,_private.Init.Data.Range.Polymorphic.NatLemmas.0.Nat.toList_rcc_ne_nil_iff._proof_1_1,2,removed,
Init,Init.Data.Range.Polymorphic.NatLemmas,Nat.toList_rco_eq_singleton_iff,_private.Init.Data.Range.Polymorphic.NatLemmas.0.Nat.toList_rco_eq_singleton_iff._proof_1_1,5,removed,
Init,Init.Data.Range.Polymorphic.NatLemmas,Nat.toList_ric_eq_singleton_iff,_private.Init.Data.Range.Polymorphic.NatLemmas.0.Nat.toList_ric_eq_singleton_iff._proof_1_1,4,removed,
Init,Init.Data.Range.Polymorphic.NatLemmas,Nat.toList_rio_eq_singleton_iff,_private.Init.Data.Range.Polymorphic.NatLemmas.0.Nat.toList_rio_eq_singleton_iff._proof_1_1,7,removed,
Init,Init.Data.Range.Polymorphic.NatLemmas,Nat.toList_roc_eq_singleton_iff,_private.Init.Data.Range.Polymorphic.NatLemmas.0.Nat.toList_roc_eq_singleton_iff._proof_1_1,7,removed,
Init,Init.Data.Range.Polymorphic.NatLemmas,Nat.toList_roo_eq_singleton_iff,_private.Init.Data.Range.Polymorphic.NatLemmas.0.Nat.toList_roo_eq_singleton_iff._proof_1_1,7,removed,
Init,Init.Data.Range.Polymorphic.NatLemmas,Nat.zero_lt_getElem!_toArray_roc_iff,_private.Init.Data.Range.Polymorphic.NatLemmas.0.Nat.zero_lt_getElem!_toArray_roc_iff._proof_1_2,4,removed,
Init,Init.Data.Range.Polymorphic.NatLemmas,Nat.zero_lt_getElem!_toArray_roo_iff,_private.Init.Data.Range.Polymorphic.NatLemmas.0.Nat.zero_lt_getElem!_toArray_roo_iff._proof_1_1,3,removed,
Init,Init.Data.Range.Polymorphic.NatLemmas,Nat.zero_lt_getElem!_toList_rco_iff,_private.Init.Data.Range.Polymorphic.NatLemmas.0.Nat.zero_lt_getElem!_toList_rco_iff._proof_1_1,4,removed,
Init,Init.Data.Range.Polymorphic.NatLemmas,Nat.zero_lt_getElem!_toList_roc_iff,_private.Init.Data.Range.Polymorphic.NatLemmas.0.Nat.zero_lt_getElem!_toList_roc_iff._proof_1_2,4,removed,
Init,Init.Data.Range.Polymorphic.NatLemmas,Nat.zero_lt_getElem!_toList_roo_iff,_private.Init.Data.Range.Polymorphic.NatLemmas.0.Nat.zero_lt_getElem!_toList_roo_iff._proof_1_1,3,removed,
Init,Init.Data.Range.Polymorphic.SInt,HasModel.succMany?_eq,_private.Init.Data.Range.Polymorphic.SInt.0.HasModel.succMany?_eq._proof_1_2,2,removed,
Init,Init.Data.SInt.Lemmas,ISize.le_iff_lt_or_eq,_private.Init.Data.SInt.Lemmas.0.ISize.le_iff_lt_or_eq._proof_1_4,2,removed,
Init,Init.Data.SInt.Lemmas,Int16.le_iff_lt_or_eq,_private.Init.Data.SInt.Lemmas.0.Int16.le_iff_lt_or_eq._proof_1_4,2,removed,
Init,Init.Data.SInt.Lemmas,Int32.le_iff_lt_or_eq,_private.Init.Data.SInt.Lemmas.0.Int32.le_iff_lt_or_eq._proof_1_4,2,removed,
Init,Init.Data.SInt.Lemmas,Int64.le_iff_lt_or_eq,_private.Init.Data.SInt.Lemmas.0.Int64.le_iff_lt_or_eq._proof_1_4,2,removed,
Init,Init.Data.SInt.Lemmas,Int8.le_iff_lt_or_eq,_private.Init.Data.SInt.Lemmas.0.Int8.le_iff_lt_or_eq._proof_1_4,2,removed,
Init,Init.Data.String.Basic,String.Pos.Raw.isValid_push,_private.Init.Data.String.Basic.0.String.Pos.Raw.isValid_push._proof_1_5,2,removed,
Init,Init.Data.String.Basic,String.Pos.sliceFrom_inj,_private.Init.Data.String.Basic.0.String.Pos.sliceFrom_inj._proof_1_3,2,removed,
Init,Init.Data.String.Basic,String.Pos.slice_inj,_private.Init.Data.String.Basic.0.String.Pos.slice_inj._proof_1_2,2,removed,
Init,Init.Data.String.Basic,String.Slice.Pos.sliceFrom_inj,_private.Init.Data.String.Basic.0.String.Slice.Pos.sliceFrom_inj._proof_1_4,2,removed,
Init,Init.Data.String.Basic,String.Slice.Pos.slice_inj,_private.Init.Data.String.Basic.0.String.Slice.Pos.slice_inj._proof_1_2,2,removed,
Init,Init.Data.String.Decode,ByteArray.utf8DecodeChar?_eq_utf8DecodeChar?_extract,_private.Init.Data.String.Decode.0.ByteArray.utf8DecodeChar?_eq_utf8DecodeChar?_extract._proof_1_4,2,removed,
Init,Init.Data.String.Decode,ByteArray.utf8DecodeChar?_eq_utf8DecodeChar?_extract,_private.Init.Data.String.Decode.0.ByteArray.utf8DecodeChar?_eq_utf8DecodeChar?_extract._proof_1_5,2,removed,
Init,Init.Data.String.Decode,ByteArray.utf8DecodeChar?_eq_utf8DecodeChar?_extract,_private.Init.Data.String.Decode.0.ByteArray.utf8DecodeChar?_eq_utf8DecodeChar?_extract._proof_1_6,2,removed,
Init,Init.Data.String.Decode,ByteArray.utf8DecodeChar?_eq_utf8DecodeChar?_extract,_private.Init.Data.String.Decode.0.ByteArray.utf8DecodeChar?_eq_utf8DecodeChar?_extract._proof_1_7,2,removed,
Init,Init.Data.String.Lemmas.Basic,String.Slice.slice_eq_self_iff,_private.Init.Data.String.Lemmas.Basic.0.String.Slice.slice_eq_self_iff._proof_1_7,2,removed,
Init,Init.Data.String.Lemmas.Order,String.Pos.sliceFrom_le_sliceFrom_iff,_private.Init.Data.String.Lemmas.Order.0.String.Pos.sliceFrom_le_sliceFrom_iff._proof_1_4,2,removed,
Init,Init.Data.String.Lemmas.Order,String.Pos.sliceFrom_lt_sliceFrom_iff,_private.Init.Data.String.Lemmas.Order.0.String.Pos.sliceFrom_lt_sliceFrom_iff._proof_1_6,2,removed,
Init,Init.Data.String.Lemmas.Order,String.Pos.slice_le_slice_iff,_private.Init.Data.String.Lemmas.Order.0.String.Pos.slice_le_slice_iff._proof_1_4,2,removed,
Init,Init.Data.String.Lemmas.Order,String.Pos.slice_lt_slice_iff,_private.Init.Data.String.Lemmas.Order.0.String.Pos.slice_lt_slice_iff._proof_1_6,2,removed,
Init,Init.Data.String.Lemmas.Order,String.Slice.Pos.sliceFrom_le_sliceFrom_iff,_private.Init.Data.String.Lemmas.Order.0.String.Slice.Pos.sliceFrom_le_sliceFrom_iff._proof_1_3,2,removed,
Init,Init.Data.String.Lemmas.Order,String.Slice.Pos.sliceFrom_lt_sliceFrom_iff,_private.Init.Data.String.Lemmas.Order.0.String.Slice.Pos.sliceFrom_lt_sliceFrom_iff._proof_1_5,2,removed,
Init,Init.Data.String.Lemmas.Order,String.Slice.Pos.slice_le_slice_iff,_private.Init.Data.String.Lemmas.Order.0.String.Slice.Pos.slice_le_slice_iff._proof_1_3,2,removed,
Init,Init.Data.String.Lemmas.Order,String.Slice.Pos.slice_lt_slice_iff,_private.Init.Data.String.Lemmas.Order.0.String.Slice.Pos.slice_lt_slice_iff._proof_1_5,2,removed,
Init,Init.Data.String.Lemmas.Pattern.String.ForwardSearcher,String.Slice.Pattern.Model.ForwardSliceSearcher.prefixFunctionRecurrence_eq_prefixFunction,_private.Init.Data.String.Lemmas.Pattern.String.ForwardSearcher.0.String.Slice.Pattern.Model.ForwardSliceSearcher.prefixFunctionRecurrence_eq_prefixFunction._proof_1_11,1,removed,
Init,Init.Data.String.PosRaw,String.Pos.Raw.dec_lt_iff,_private.Init.Data.String.PosRaw.0.String.Pos.Raw.dec_lt_iff._proof_1_3,2,removed,
Init,Init.Data.String.PosRaw,String.Pos.Raw.le_dec,_private.Init.Data.String.PosRaw.0.String.Pos.Raw.le_dec._proof_1_3,2,removed,
Init,Init.Data.String.Termination,String.Slice.Pos.le_iff_remainingBytes_le,_private.Init.Data.String.Termination.0.String.Slice.Pos.le_iff_remainingBytes_le._proof_1_3,2,removed,
Init,Init.Data.String.Termination,String.Slice.Pos.lt_iff_remainingBytes_lt,_private.Init.Data.String.Termination.0.String.Slice.Pos.lt_iff_remainingBytes_lt._proof_1_3,2,removed,
Init,Init.Data.String.Termination,String.Slice.Pos.remainingBytes_inj,_private.Init.Data.String.Termination.0.String.Slice.Pos.remainingBytes_inj._proof_1_3,2,removed,
Init,Init.Grind.Ordered.Int,Lean.Grind.instLawfulOrderLTInt,_private.Init.Grind.Ordered.Int.0.Lean.Grind.instLawfulOrderLTInt._proof_1,5,removed,
Init,Init.Grind.Ordered.Int,Lean.Grind.instOrderedAddInt,_private.Init.Grind.Ordered.Int.0.Lean.Grind.instOrderedAddInt._proof_1,2,removed,
Init,Init.Grind.Ring.Basic,Lean.Grind.IsCharP.mk'_aux,_private.Init.Grind.Ring.Basic.0.Lean.Grind.IsCharP.mk'_aux._proof_1_1,2,removed,
Init,Init.Grind.ToInt,Lean.Grind.IntInterval.wrap_eq_self_iff,_private.Init.Grind.ToInt.0.Lean.Grind.IntInterval.wrap_eq_self_iff._proof_1_10,2,removed,
Init,Init.Grind.ToInt,Lean.Grind.IntInterval.wrap_eq_self_iff,_private.Init.Grind.ToInt.0.Lean.Grind.IntInterval.wrap_eq_self_iff._proof_1_5,2,removed,
Init,Init.Grind.ToInt,Lean.Grind.IntInterval.wrap_eq_self_iff,_private.Init.Grind.ToInt.0.Lean.Grind.IntInterval.wrap_eq_self_iff._proof_1_9,2,removed,
Init,Init.GrindInstances.Nat,Lean.Grind.instExistsAddOfLTNat,_private.Init.GrindInstances.Nat.0.Lean.Grind.instExistsAddOfLTNat._proof_1,2,removed,
Init,Init.GrindInstances.Ring.Nat,Lean.Grind.instLawfulOrderLTNat,_private.Init.GrindInstances.Ring.Nat.0.Lean.Grind.instLawfulOrderLTNat._proof_1,5,removed,
Init,Init.GrindInstances.Ring.Nat,Lean.Grind.instOrderedRingNat,_private.Init.GrindInstances.Ring.Nat.0.Lean.Grind.instOrderedRingNat._proof_1,2,removed,
Lean,Lean.Meta.Sym.Simp.Have,Lean.Meta.Sym.Simp.toHave,_private.Lean.Meta.Sym.Simp.Have.0.Lean.Meta.Sym.Simp.toHave._proof_1,1,removed,
Lean,Lean.Util.Diff,Lean.Diff.diff,_private.Lean.Util.Diff.0.Lean.Diff.diff._proof_1,1,removed,
Lean,Lean.Util.Diff,Lean.Diff.diff,_private.Lean.Util.Diff.0.Lean.Diff.diff._proof_2,1,removed,
Mathlib,Mathlib.Algebra.Group.Fin.Basic,Fin.lt_sub_iff,_private.Mathlib.Algebra.Group.Fin.Basic.0.Fin.lt_sub_iff._proof_1_3,2,removed,
Mathlib,Mathlib.Algebra.SkewPolynomial.Basic,SkewPolynomial.coeff_erase,SkewPolynomial.coeff_erase,1,kernel rejected,"(kernel) declaration type mismatch, 'SkewPolynomial.coeff_erase.subst' has type   ∀ {R : Type u_1} [inst : Semiring R] (p : SkewPolynomial R) (n i : ℕ),     (if"
Mathlib,Mathlib.CategoryTheory.Limits.Shapes.BinaryBiproducts,CategoryTheory.Limits.BinaryBicone.toBiconeFunctor,CategoryTheory.Limits.BinaryBicone.toBiconeFunctor._proof_1,7,kernel rejected,"(kernel) declaration type mismatch, 'CategoryTheory.Limits.BinaryBicone.toBiconeFunctor._proof_1.subst' has type   ∀ {C : Type u_2} [inst : CategoryTheory.Categ"
Mathlib,Mathlib.Data.List.Infix,List.take_isPrefix_take,_private.Mathlib.Data.List.Infix.0.List.take_isPrefix_take._proof_1_3,2,removed,
Mathlib,Mathlib.LinearAlgebra.RootSystem.Finite.G2,RootPairing.EmbeddedG2.isOrthogonal_short_and_long_aux,_private.Mathlib.LinearAlgebra.RootSystem.Finite.G2.0.RootPairing.EmbeddedG2.isOrthogonal_short_and_long_aux._proof_1_1,2,removed,
Mathlib,Mathlib.Logic.Equiv.Defs,Equiv.propEquivBool,Equiv.propEquivBool._proof_2,1,kernel rejected,(kernel) application type mismatch   congrArg Eq Bool.decide_eq_true argument has type   decide (b = true) = b but function has type   (fun p => decide p) ((fun
Mathlib,Mathlib.MeasureTheory.VectorMeasure.Basic,MeasureTheory.VectorMeasure.dirac,MeasureTheory.VectorMeasure.dirac._proof_1,1,kernel rejected,"(kernel) declaration type mismatch, 'MeasureTheory.VectorMeasure.dirac._proof_1.subst' has type   ∀ {β : Type u_2} {M : Type u_1} [inst : AddCommMonoid M] [inst"
Mathlib,Mathlib.Order.Interval.Finset.Box,Int.mem_box,_private.Mathlib.Order.Interval.Finset.Box.0.Int.mem_box._proof_1_5,12,still classical,
Mathlib,Mathlib.Tactic.DeriveFintype,Mathlib.Deriving.Fintype.mkFintypeInstanceHandler,_private.Mathlib.Tactic.DeriveFintype.0.Mathlib.Deriving.Fintype.mkFintypeInstanceHandler._proof_1,1,removed,
Plausible,Plausible.Gen,Plausible.Gen.chooseNatLt,_private.Plausible.Gen.0.Plausible.Gen.chooseNatLt._proof_4,2,removed,
Std,Std.Data.DTreeMap.Internal.Balanced,Std.DTreeMap.Internal.Impl.balancedAtRoot_one_one,_private.Std.Data.DTreeMap.Internal.Balanced.0.Std.DTreeMap.Internal.Impl.balancedAtRoot_one_one._proof_1_1,1,removed,
Std,Std.Data.DTreeMap.Internal.Balanced,Std.DTreeMap.Internal.Impl.balancedAtRoot_one_two,_private.Std.Data.DTreeMap.Internal.Balanced.0.Std.DTreeMap.Internal.Impl.balancedAtRoot_one_two._proof_1_1,2,removed,
Std,Std.Data.DTreeMap.Internal.Balanced,Std.DTreeMap.Internal.Impl.balancedAtRoot_two_one,_private.Std.Data.DTreeMap.Internal.Balanced.0.Std.DTreeMap.Internal.Impl.balancedAtRoot_two_one._proof_1_1,2,removed,
Std,Std.Data.DTreeMap.Internal.Balanced,Std.DTreeMap.Internal.Impl.balancedAtRoot_zero_iff,_private.Std.Data.DTreeMap.Internal.Balanced.0.Std.DTreeMap.Internal.Impl.balancedAtRoot_zero_iff._proof_1_1,2,removed,
Std,Std.Data.DTreeMap.Internal.Balanced,Std.DTreeMap.Internal.Impl.balancedAtRoot_zero_iff',_private.Std.Data.DTreeMap.Internal.Balanced.0.Std.DTreeMap.Internal.Impl.balancedAtRoot_zero_iff'._proof_1_1,2,removed,
Std,Std.Data.DTreeMap.Internal.Balancing,Std.DTreeMap.Internal.Impl.BalanceLPrecond.erase,_private.Std.Data.DTreeMap.Internal.Balancing.0.Std.DTreeMap.Internal.Impl.BalanceLPrecond.erase._proof_1_1,6,removed,
Std,Std.Data.DTreeMap.Internal.Balancing,Std.DTreeMap.Internal.Impl.BalancedAtRoot.adjust_left,_private.Std.Data.DTreeMap.Internal.Balancing.0.Std.DTreeMap.Internal.Impl.BalancedAtRoot.adjust_left._proof_1_1,10,removed,
Std,Std.Data.DTreeMap.Internal.Balancing,Std.DTreeMap.Internal.Impl.BalancedAtRoot.erase_left,_private.Std.Data.DTreeMap.Internal.Balancing.0.Std.DTreeMap.Internal.Impl.BalancedAtRoot.erase_left._proof_1_1,6,removed,
Std,Std.Data.DTreeMap.Internal.Balancing,Std.DTreeMap.Internal.Impl.balance!_desc,_private.Std.Data.DTreeMap.Internal.Balancing.0.Std.DTreeMap.Internal.Impl.balance!_desc._proof_1_3,2,removed,
Std,Std.Data.DTreeMap.Internal.Balancing,Std.DTreeMap.Internal.Impl.balance!_eq_balanceₘ,_private.Std.Data.DTreeMap.Internal.Balancing.0.Std.DTreeMap.Internal.Impl.balance!_eq_balanceₘ._proof_1_19,2,removed,
Std,Std.Data.DTreeMap.Internal.Balancing,Std.DTreeMap.Internal.Impl.balance!_eq_balanceₘ,_private.Std.Data.DTreeMap.Internal.Balancing.0.Std.DTreeMap.Internal.Impl.balance!_eq_balanceₘ._proof_1_9,2,removed,
Std,Std.Data.DTreeMap.Internal.Balancing,Std.DTreeMap.Internal.Impl.balanceLErasePrecond_zero_iff,_private.Std.Data.DTreeMap.Internal.Balancing.0.Std.DTreeMap.Internal.Impl.balanceLErasePrecond_zero_iff._proof_1_1,2,removed,
Std,Std.Data.DTreeMap.Internal.Balancing,Std.DTreeMap.Internal.Impl.balanceLErasePrecond_zero_iff',_private.Std.Data.DTreeMap.Internal.Balancing.0.Std.DTreeMap.Internal.Impl.balanceLErasePrecond_zero_iff'._proof_1_1,6,removed,
Std,Std.Data.DTreeMap.Internal.Balancing,Std.DTreeMap.Internal.Impl.balanced_doubleL,_private.Std.Data.DTreeMap.Internal.Balancing.0.Std.DTreeMap.Internal.Impl.balanced_doubleL._proof_1_1,2,removed,
Std,Std.Data.DTreeMap.Internal.Balancing,Std.DTreeMap.Internal.Impl.balanced_doubleL,_private.Std.Data.DTreeMap.Internal.Balancing.0.Std.DTreeMap.Internal.Impl.balanced_doubleL._proof_1_2,2,removed,
Std,Std.Data.DTreeMap.Internal.Balancing,Std.DTreeMap.Internal.Impl.balanced_doubleL,_private.Std.Data.DTreeMap.Internal.Balancing.0.Std.DTreeMap.Internal.Impl.balanced_doubleL._proof_1_3,2,removed,
Std,Std.Data.DTreeMap.Internal.Balancing,Std.DTreeMap.Internal.Impl.balanced_doubleR,_private.Std.Data.DTreeMap.Internal.Balancing.0.Std.DTreeMap.Internal.Impl.balanced_doubleR._proof_1_1,2,removed,
Std,Std.Data.DTreeMap.Internal.Balancing,Std.DTreeMap.Internal.Impl.balanced_doubleR,_private.Std.Data.DTreeMap.Internal.Balancing.0.Std.DTreeMap.Internal.Impl.balanced_doubleR._proof_1_2,2,removed,
Std,Std.Data.DTreeMap.Internal.Balancing,Std.DTreeMap.Internal.Impl.balanced_doubleR,_private.Std.Data.DTreeMap.Internal.Balancing.0.Std.DTreeMap.Internal.Impl.balanced_doubleR._proof_1_3,2,removed,
Std,Std.Data.DTreeMap.Internal.Balancing,Std.DTreeMap.Internal.Impl.balanced_singleL,_private.Std.Data.DTreeMap.Internal.Balancing.0.Std.DTreeMap.Internal.Impl.balanced_singleL._proof_1_1,2,removed,
Std,Std.Data.DTreeMap.Internal.Balancing,Std.DTreeMap.Internal.Impl.balanced_singleL,_private.Std.Data.DTreeMap.Internal.Balancing.0.Std.DTreeMap.Internal.Impl.balanced_singleL._proof_1_2,2,removed,
Std,Std.Data.DTreeMap.Internal.Balancing,Std.DTreeMap.Internal.Impl.balanced_singleR,_private.Std.Data.DTreeMap.Internal.Balancing.0.Std.DTreeMap.Internal.Impl.balanced_singleR._proof_1_1,2,removed,
Std,Std.Data.DTreeMap.Internal.Balancing,Std.DTreeMap.Internal.Impl.balanced_singleR,_private.Std.Data.DTreeMap.Internal.Balancing.0.Std.DTreeMap.Internal.Impl.balanced_singleR._proof_1_2,2,removed,
Std,Std.Data.DTreeMap.Internal.Model,Std.DTreeMap.Internal.Impl.updateCell,_private.Std.Data.DTreeMap.Internal.Model.0.Std.DTreeMap.Internal.Impl.updateCell._proof_30,10,removed,
Std,Std.Data.DTreeMap.Internal.Model,Std.DTreeMap.Internal.Impl.updateCell,_private.Std.Data.DTreeMap.Internal.Model.0.Std.DTreeMap.Internal.Impl.updateCell._proof_59,10,removed,
Std,Std.Data.DTreeMap.Internal.Operations,Std.DTreeMap.Internal.Impl.erase,_private.Std.Data.DTreeMap.Internal.Operations.0.Std.DTreeMap.Internal.Impl.erase._proof_11,6,removed,
Std,Std.Data.DTreeMap.Internal.Operations,Std.DTreeMap.Internal.Impl.erase,_private.Std.Data.DTreeMap.Internal.Operations.0.Std.DTreeMap.Internal.Impl.erase._proof_22,6,removed,
Std,Std.Data.DTreeMap.Internal.Operations,Std.DTreeMap.Internal.Impl.insert,_private.Std.Data.DTreeMap.Internal.Operations.0.Std.DTreeMap.Internal.Impl.insert._proof_11,6,removed,
Std,Std.Data.DTreeMap.Internal.Operations,Std.DTreeMap.Internal.Impl.insert,_private.Std.Data.DTreeMap.Internal.Operations.0.Std.DTreeMap.Internal.Impl.insert._proof_22,6,removed,
Std,Std.Data.DTreeMap.Internal.Operations,Std.DTreeMap.Internal.Impl.insertMax,_private.Std.Data.DTreeMap.Internal.Operations.0.Std.DTreeMap.Internal.Impl.insertMax._proof_5,6,removed,
Std,Std.Data.DTreeMap.Internal.Operations,Std.DTreeMap.Internal.Impl.insertMin,_private.Std.Data.DTreeMap.Internal.Operations.0.Std.DTreeMap.Internal.Impl.insertMin._proof_10,6,removed,
Std,Std.Data.DTreeMap.Internal.Operations,Std.DTreeMap.Internal.Impl.link,_private.Std.Data.DTreeMap.Internal.Operations.0.Std.DTreeMap.Internal.Impl.link._proof_19,6,removed,
Std,Std.Data.DTreeMap.Internal.Operations,Std.DTreeMap.Internal.Impl.link,_private.Std.Data.DTreeMap.Internal.Operations.0.Std.DTreeMap.Internal.Impl.link._proof_29,6,removed,
Std,Std.Data.DTreeMap.Internal.Operations,Std.DTreeMap.Internal.Impl.link,_private.Std.Data.DTreeMap.Internal.Operations.0.Std.DTreeMap.Internal.Impl.link._proof_37,2,removed,
Std,Std.Data.DTreeMap.Internal.Operations,Std.DTreeMap.Internal.Impl.link2,_private.Std.Data.DTreeMap.Internal.Operations.0.Std.DTreeMap.Internal.Impl.link2._proof_24,6,removed,
Std,Std.Data.DTreeMap.Internal.Operations,Std.DTreeMap.Internal.Impl.link2,_private.Std.Data.DTreeMap.Internal.Operations.0.Std.DTreeMap.Internal.Impl.link2._proof_40,6,removed,
Std,Std.Sat.AIG.Basic,Std.Sat.AIG.mkGate,_private.Std.Sat.AIG.Basic.0.Std.Sat.AIG.mkGate._proof_1,2,removed,
Std,Std.Sat.AIG.Cached,Std.Sat.AIG.mkGateCached,_private.Std.Sat.AIG.Cached.0.Std.Sat.AIG.mkGateCached._proof_1,2,removed,
Std,Std.Tactic.BVDecide.Bitblast.BVExpr.Basic,Std.Tactic.BVDecide.BVExpr.decEq,_private.Std.Tactic.BVDecide.Bitblast.BVExpr.Basic.0.Std.Tactic.BVDecide.BVExpr.decEq._proof_112,2,removed,
Std,Std.Tactic.BVDecide.Bitblast.BVExpr.Basic,Std.Tactic.BVDecide.BVExpr.decEq,_private.Std.Tactic.BVDecide.Bitblast.BVExpr.Basic.0.Std.Tactic.BVDecide.BVExpr.decEq._proof_99,2,removed,
Std,Std.Tactic.BVDecide.LRAT.Internal.Convert,Std.Tactic.BVDecide.LRAT.Internal.CNF.lift,_private.Std.Tactic.BVDecide.LRAT.Internal.Convert.0.Std.Tactic.BVDecide.LRAT.Internal.CNF.lift._proof_1,2,removed,
